{
  "replace": true,
  "profession": "villagersplus:alchemist",
  "trades": {
    "novice": [
      {
        "type": "villagersplus:buy_item",
        "buy": {
          "item": "supplementaries:ash",
          "count": 2
        },
        "reward": {
          "item": "numismatic-overhaul:silver_coin",
          "count": 1
        },
        "max_uses": 8,
        "villager_experience": 1
      },
      {
        "type": "villagersplus:sell_item",
        "sell": {
          "item": "sugar",
          "count": 1
        },
        "priceIn": {
          "item": "numismatic-overhaul:silver_coin",
          "count": 3
        },
        "max_uses": 12,
        "villager_experience": 1
      },
      {
        "type": "villagersplus:sell_item",
        "sell": {
          "item": "brown_mushroom",
          "count": 1
        },
        "priceIn": {
          "item": "numismatic-overhaul:silver_coin",
          "count": 3
        },
        "max_uses": 12,
        "villager_experience": 1
      },
      {
        "type": "villagersplus:sell_item",
        "sell": {
          "item": "red_mushroom",
          "count": 1
        },
        "priceIn": {
          "item": "numismatic-overhaul:silver_coin",
          "count": 3
        },
        "max_uses": 12,
        "villager_experience": 1
      },
      {
        "type": "villagersplus:sell_item",
        "sell": {
          "item": "nether_wart",
          "count": 1
        },
        "priceIn": {
          "item": "numismatic-overhaul:silver_coin",
          "count": 5
        },
        "max_uses": 12,
        "villager_experience": 2
      },
      {
        "type": "villagersplus:buy_item",
        "buy": {
          "item": "glass_bottle",
          "count": 3
        },
        "reward": {
          "item": "numismatic-overhaul:silver_coin",
          "count": 1
        },
        "max_uses": 12,
        "villager_experience": 2
      }
    ],
    "apprentice": [
      {
        "type": "villagersplus:sell_item",
        "sell": {
          "item": "supplementaries:bomb",
          "count": 1
        },
        "priceIn": {
          "item": "numismatic-overhaul:silver_coin",
          "count": 6
        },
        "max_uses": 8,
        "villager_experience": 5
      },
      {
        "type": "villagersplus:sell_item",
        "sell": {
          "item": "magma_cream",
          "count": 1
        },
        "priceIn": {
          "item": "numismatic-overhaul:silver_coin",
          "count": 4
        },
        "max_uses": 12,
        "villager_experience": 3
      },
      {
        "type": "villagersplus:sell_item",
        "sell": {
          "item": "pufferfish",
          "count": 1
        },
        "priceIn": {
          "item": "numismatic-overhaul:silver_coin",
          "count": 5
        },
        "max_uses": 12,
        "villager_experience": 3
      },
      {
        "type": "villagersplus:sell_item",
        "sell": {
          "item": "fermented_spider_eye",
          "count": 1
        },
        "priceIn": {
          "item": "numismatic-overhaul:silver_coin",
          "count": 5
        },
        "max_uses": 12,
        "villager_experience": 3
      },
      {
        "type": "villagersplus:sell_potion",
        "sell": {
          "item": "potion",
          "count": 1
        },
        "convertible": {
          "item": "potion",
          "count": 1
        },
        "priceIn": {
          "item": "numismatic-overhaul:silver_coin",
          "count": 5
        },
        "max_uses": 4,
        "villager_experience": 8
      }
    ],
    "journeyman": [
      {
        "type": "villagersplus:sell_item",
        "sell": {
          "item": "blaze_powder",
          "count": 1
        },
        "priceIn": {
          "item": "numismatic-overhaul:silver_coin",
          "count": 5
        },
        "max_uses": 12,
        "villager_experience": 4
      },
      {
        "type": "villagersplus:sell_item",
        "sell": {
          "item": "ghast_tear",
          "count": 1
        },
        "priceIn": {
          "item": "numismatic-overhaul:silver_coin",
          "count": 5
        },
        "max_uses": 12,
        "villager_experience": 4
      },
      {
        "type": "villagersplus:sell_item",
        "sell": {
          "item": "phantom_membrane",
          "count": 1
        },
        "priceIn": {
          "item": "numismatic-overhaul:silver_coin",
          "count": 5
        },
        "max_uses": 12,
        "villager_experience": 4
      },
      {
        "type": "villagersplus:buy_item",
        "buy": {
          "item": "blaze_rod",
          "count": 1
        },
        "reward": {
          "item": "numismatic-overhaul:silver_coin",
          "count": 4
        },
        "max_uses": 12,
        "villager_experience": 5
      },
      {
        "type": "villagersplus:buy_item",
        "buy": {
          "item": "ender_pearl",
          "count": 1
        },
        "reward": {
          "item": "numismatic-overhaul:silver_coin",
          "count": 2
        },
        "max_uses": 12,
        "villager_experience": 5
      }
    ],
    "expert": [
      {
        "type": "villagersplus:sell_potion",
        "sell": {
          "item": "splash_potion",
          "count": 1
        },
        "convertible": {
          "item": "potion",
          "count": 1
        },
        "priceIn": {
          "item": "numismatic-overhaul:silver_coin",
          "count": 8
        },
        "max_uses": 4,
        "villager_experience": 10
      }
    ],
    "master": [
      {
        "type": "villagersplus:process_item",
        "sell": {
          "item": "supplementaries:bomb_blue",
          "count": 1
        },
        "convertible": {
          "item": "supplementaries:bomb",
          "count": 1
        },
        "priceIn": {
          "item": "numismatic-overhaul:silver_coin",
          "count": 48
        },
        "max_uses": 4,
        "villager_experience": 1
      },
      {
        "type": "villagersplus:sell_item",
        "sell": {
          "item": "dragon_breath",
          "count": 1
        },
        "priceIn": {
          "item": "numismatic-overhaul:silver_coin",
          "count": 8
        },
        "max_uses": 12,
        "villager_experience": 7
      },
      {
        "type": "villagersplus:sell_item",
        "sell": {
          "item": "glistering_melon_slice",
          "count": 1
        },
        "priceIn": {
          "item": "numismatic-overhaul:silver_coin",
          "count": 4
        },
        "max_uses": 12,
        "villager_experience": 6
      },
      {
        "type": "villagersplus:sell_item",
        "sell": {
          "item": "rabbit_foot",
          "count": 1
        },
        "priceIn": {
          "item": "numismatic-overhaul:silver_coin",
          "count": 4
        },
        "max_uses": 12,
        "villager_experience": 6
      }
    ]
  }
}